{
  "success_rate": {
    "dummyAsControl": 1,
    "actual": 0.9999890186122511,
    "ratio": 1.0000109815083411,
    "perfDiffInPerc": 0
  },
  "duration": {
    "dummyAsControl": {
      "p(90)": 20.497,
      "p(95)": 29.514,
      "avg": 7.863557979127819,
      "min": 0.016,
      "med": 3.909,
      "max": 188.305
    },
    "actual": {
      "avg": 19.885451481226845,
      "min": 0.08,
      "med": 8.708,
      "max": 502.075,
      "p(90)": 50.275,
      "p(95)": 80.949
    },
    "ratio": {
      "avg": 0.3954427681237978,
      "min": 0.2,
      "med": 0.44889756545705095,
      "max": 0.37505352785938356,
      "p(90)": 0.40769766285430137,
      "p(95)": 0.36459993329133156
    },
    "perfDiffInPerc": {}
  }
}