{
  "iteration_duration": {
    "dummyAsControl": {
      "max": 3000,
      "p(90)": 1009,
      "p(95)": 1516,
      "avg": 355.8406883583535,
      "min": 0.102501,
      "med": 169.4922555
    },
    "actual": {
      "avg": 1337.4906159709649,
      "min": 1,
      "med": 1250.090059,
      "max": 3047.364065,
      "p(90)": 2558.2106276000004,
      "p(95)": 2769.0605413
    },
    "ratio": 0.2660509794306312,
    "perfDiffInPerc": 0
  },
  "http_req_blocked": {
    "dummyAsControl": {
      "avg": 0.16789957982539144,
      "min": 0.0008,
      "med": 0.0015,
      "max": 898.120079,
      "p(90)": 0.0025,
      "p(95)": 0.0031
    },
    "actual": {
      "min": 0.0014,
      "med": 0.0034,
      "max": 139.241703,
      "p(90)": 0.0057,
      "p(95)": 0.0077,
      "avg": 0.013918780160808589
    },
    "ratio": 12.06280851379131,
    "perfDiffInPerc": 0
  },
  "http_req_connecting": {
    "dummyAsControl": {
      "min": 0,
      "med": 0,
      "max": 897.923178,
      "p(90)": 0,
      "p(95)": 0,
      "avg": 0.16524944573430178
    },
    "actual": {
      "p(90)": 0,
      "p(95)": 0,
      "avg": 0.007459960199028986,
      "min": 0,
      "med": 0,
      "max": 138.686
    },
    "ratio": 22.151518416386622,
    "perfDiffInPerc": 0
  },
  "my_iterations": {
    "dummyAsControl": {
      "p(90)": 3418,
      "p(95)": 4533,
      "avg": 1374.8905095867472,
      "min": 0,
      "med": 836,
      "max": 11525
    },
    "actual": {
      "max": 181,
      "p(90)": 110,
      "p(95)": 128,
      "avg": 50.12683513025684,
      "min": 0,
      "med": 41
    },
    "ratio": 27.428232921827842,
    "perfDiffInPerc": 0
  },
  "http_req_sending": {
    "dummyAsControl": {
      "avg": 0.13045657444251718,
      "min": 0.0042,
      "med": 0.0073,
      "max": 781.749556,
      "p(90)": 0.0146,
      "p(95)": 0.0571
    },
    "actual": {
      "avg": 0.05267946102911712,
      "min": 0.008,
      "med": 0.0144,
      "max": 46.959921,
      "p(90)": 0.0524,
      "p(95)": 0.1218
    },
    "ratio": 2.4764219658665625,
    "perfDiffInPerc": 0
  },
  "http_req_receiving": {
    "dummyAsControl": {
      "avg": 0.1650056583949166,
      "min": 0.006,
      "med": 0.016001,
      "max": 1062.078191,
      "p(90)": 0.0322,
      "p(95)": 0.067901
    },
    "actual": {
      "avg": 0.033709113017960396,
      "min": 0.0057,
      "med": 0.0177,
      "max": 38.019061,
      "p(90)": 0.0401,
      "p(95)": 0.0635
    },
    "ratio": 4.894986655596684,
    "perfDiffInPerc": 0
  },
  "http_req_duration": {
    "dummyAsControl": {
      "min": 0.0561,
      "med": 79.213673,
      "max": 1316.81408,
      "p(90)": 239.20771719999996,
      "p(95)": 272.22165689999974,
      "avg": 110.49461033153557
    },
    "actual": {
      "avg": 0.4447708622481781,
      "min": 0.0593,
      "med": 0.171001,
      "max": 115.470091,
      "p(90)": 0.4163921000000023,
      "p(95)": 0.631004
    },
    "ratio": 248.4304159967219,
    "perfDiffInPerc": 0
  },
  "http_req_tls_handshaking": {
    "dummyAsControl": {
      "max": 0,
      "p(90)": 0,
      "p(95)": 0,
      "avg": 0,
      "min": 0,
      "med": 0
    },
    "actual": {
      "avg": 0,
      "min": 0,
      "med": 0,
      "max": 0,
      "p(90)": 0,
      "p(95)": 0
    },
    "ratio": null,
    "perfDiffInPerc": 0
  },
  "http_req_waiting": {
    "dummyAsControl": {
      "min": 0.0391,
      "med": 78.935167,
      "max": 1147.167486,
      "p(90)": 238.90142629999997,
      "p(95)": 271.6590922999998,
      "avg": 110.19914809867512
    },
    "actual": {
      "min": 0.037401,
      "med": 0.119001,
      "max": 90.719521,
      "p(90)": 0.322602,
      "p(95)": 0.513603,
      "avg": 0.35838228820109513
    },
    "ratio": 307.49049751264573,
    "perfDiffInPerc": 0
  }
}