{
  "http_req_receiving": {
    "dummyAsControl": {
      "avg": 0.014531346542309245,
      "min": 0.002,
      "med": 0.006,
      "max": 65.951,
      "p(90)": 0.015,
      "p(95)": 0.021
    },
    "actual": {
      "min": 0.003,
      "med": 0.018,
      "max": 2.711,
      "p(90)": 0.041,
      "p(95)": 0.052,
      "avg": 0.0247503239254104
    },
    "ratio": 1.7032367821762242,
    "diffPercentage": 0,
    "didImprove": false
  },
  "my_iterations": {
    "dummyAsControl": {
      "avg": 3215.5103462198067,
      "min": 0,
      "med": 2036,
      "max": 20697,
      "p(90)": 7889,
      "p(95)": 10422
    },
    "actual": {
      "avg": 11.264661145850939,
      "min": 0,
      "med": 10,
      "max": 39,
      "p(90)": 24,
      "p(95)": 27
    },
    "ratio": 0.0035032265279736426,
    "diffPercentage": 0,
    "didImprove": false
  },
  "http_req_duration": {
    "dummyAsControl": {
      "avg": 2.489316978446963,
      "min": 0.018,
      "med": 1.067,
      "max": 66.714,
      "p(90)": 6.673,
      "p(95)": 9.496
    },
    "actual": {
      "avg": 0.4224012168328537,
      "min": 0.044,
      "med": 0.216,
      "max": 14.04,
      "p(90)": 0.799,
      "p(95)": 1.482
    },
    "ratio": 0.1696855886534714,
    "diffPercentage": 0,
    "didImprove": false
  },
  "http_req_sending": {
    "dummyAsControl": {
      "med": 0.003,
      "max": 35.375,
      "p(90)": 0.007,
      "p(95)": 0.009,
      "avg": 0.013829623074304236,
      "min": 0.001
    },
    "actual": {
      "max": 5.595,
      "p(90)": 0.044,
      "p(95)": 0.06,
      "avg": 0.028501999887328603,
      "min": 0.003,
      "med": 0.02
    },
    "ratio": 2.060938301368892,
    "diffPercentage": 0,
    "didImprove": false
  },
  "iteration_duration": {
    "dummyAsControl": {
      "avg": 116.07921077714019,
      "min": 0.035584,
      "med": 21.2220205,
      "max": 1000,
      "p(90)": 393,
      "p(95)": 553
    },
    "actual": {
      "avg": 1042.4216916251166,
      "min": 1,
      "med": 717.6542085,
      "max": 3003.970958,
      "p(90)": 2485.098416,
      "p(95)": 2737.2892398999998
    },
    "ratio": 8.980261707899238,
    "diffPercentage": 0,
    "didImprove": false
  },
  "http_req_connecting": {
    "dummyAsControl": {
      "avg": 0.0007653138864599944,
      "min": 0,
      "med": 0,
      "max": 25.996,
      "p(90)": 0,
      "p(95)": 0
    },
    "actual": {
      "avg": 0.03608123486000786,
      "min": 0,
      "med": 0,
      "max": 8.072,
      "p(90)": 0,
      "p(95)": 0.30489999999999684
    },
    "ratio": 47.14566859214301,
    "diffPercentage": 0,
    "didImprove": false
  },
  "http_req_tls_handshaking": {
    "dummyAsControl": {
      "min": 0,
      "med": 0,
      "max": 0,
      "p(90)": 0,
      "p(95)": 0,
      "avg": 0
    },
    "actual": {
      "max": 0,
      "p(90)": 0,
      "p(95)": 0,
      "avg": 0,
      "min": 0,
      "med": 0
    },
    "ratio": null,
    "diffPercentage": 0,
    "didImprove": false
  },
  "http_req_blocked": {
    "dummyAsControl": {
      "avg": 0.0021627640595320843,
      "min": 0,
      "med": 0.001,
      "max": 31.694,
      "p(90)": 0.001,
      "p(95)": 0.002
    },
    "actual": {
      "avg": 0.04763613317559089,
      "min": 0,
      "med": 0.005,
      "max": 8.183,
      "p(90)": 0.012,
      "p(95)": 0.349
    },
    "ratio": 22.025580167028025,
    "diffPercentage": 0,
    "didImprove": false
  },
  "http_req_waiting": {
    "dummyAsControl": {
      "p(95)": 9.424,
      "avg": 2.46095600883014,
      "min": 0.011,
      "med": 1.049,
      "max": 62.733,
      "p(90)": 6.622
    },
    "actual": {
      "avg": 0.36914889302011206,
      "min": 0.034,
      "med": 0.173,
      "max": 13.978,
      "p(90)": 0.704,
      "p(95)": 1.3647499999999921
    },
    "ratio": 0.15000223152936148,
    "diffPercentage": 0,
    "didImprove": false
  }
}