{
  "http_req_waiting": {
    "dummyAsControl": {
      "min": 0.012,
      "med": 1.158,
      "max": 99.733,
      "p(90)": 10.839,
      "p(95)": 15.628,
      "avg": 3.744397042877731
    },
    "actual": {
      "avg": 0.26826193682280586,
      "min": 0.024,
      "med": 0.144,
      "max": 22.067,
      "p(90)": 0.445,
      "p(95)": 0.903
    },
    "ratio": 13.957988551133905,
    "diffPercentage": 0,
    "didImprove": false
  },
  "http_req_sending": {
    "dummyAsControl": {
      "avg": 0.015666396209338754,
      "min": 0.001,
      "med": 0.003,
      "max": 190.05,
      "p(90)": 0.007,
      "p(95)": 0.011
    },
    "actual": {
      "avg": 0.018395163975977017,
      "min": 0.002,
      "med": 0.013,
      "max": 14.91,
      "p(90)": 0.028,
      "p(95)": 0.038
    },
    "ratio": 0.8516584157552566,
    "diffPercentage": 0,
    "didImprove": false
  },
  "http_req_duration": {
    "dummyAsControl": {
      "avg": 3.7845648801429785,
      "min": 0.017,
      "med": 1.177,
      "max": 190.325,
      "p(90)": 10.89,
      "p(95)": 15.691
    },
    "actual": {
      "med": 0.172,
      "max": 22.126,
      "p(90)": 0.513,
      "p(95)": 0.9795499999999816,
      "avg": 0.30331291778275254,
      "min": 0.034
    },
    "ratio": 12.477427297882736,
    "diffPercentage": 0,
    "didImprove": false
  },
  "my_iterations": {
    "dummyAsControl": {
      "p(95)": 25955,
      "avg": 7285.125945114162,
      "min": 0,
      "med": 4034,
      "max": 62188,
      "p(90)": 18705
    },
    "actual": {
      "max": 178,
      "p(90)": 110,
      "p(95)": 128,
      "avg": 50.11526822558459,
      "min": 0,
      "med": 41
    },
    "ratio": 145.36739407083522,
    "diffPercentage": 0,
    "didImprove": false
  },
  "http_req_tls_handshaking": {
    "dummyAsControl": {
      "med": 0,
      "max": 0,
      "p(90)": 0,
      "p(95)": 0,
      "avg": 0,
      "min": 0
    },
    "actual": {
      "avg": 0,
      "min": 0,
      "med": 0,
      "max": 0,
      "p(90)": 0,
      "p(95)": 0
    },
    "ratio": null,
    "diffPercentage": 0,
    "didImprove": false
  },
  "http_req_blocked": {
    "dummyAsControl": {
      "med": 0.001,
      "max": 123.585,
      "p(90)": 0.002,
      "p(95)": 0.002,
      "avg": 0.0020574138466135563,
      "min": 0
    },
    "actual": {
      "avg": 0.014058370134498519,
      "min": 0,
      "med": 0.003,
      "max": 13.706,
      "p(90)": 0.009,
      "p(95)": 0.011
    },
    "ratio": 0.14634796401929753,
    "diffPercentage": 0,
    "didImprove": false
  },
  "http_req_receiving": {
    "dummyAsControl": {
      "avg": 0.024501441059173464,
      "min": 0.002,
      "med": 0.006,
      "max": 167.493,
      "p(90)": 0.014,
      "p(95)": 0.022
    },
    "actual": {
      "med": 0.012,
      "max": 8.159,
      "p(90)": 0.026,
      "p(95)": 0.035,
      "avg": 0.01665581698401228,
      "min": 0.002
    },
    "ratio": 1.471044085240136,
    "diffPercentage": 0,
    "didImprove": false
  },
  "iteration_duration": {
    "dummyAsControl": {
      "avg": 289.8938896385885,
      "min": 0.034042,
      "med": 53,
      "max": 3000,
      "p(90)": 965,
      "p(95)": 1483
    },
    "actual": {
      "p(90)": 2552.6447875,
      "p(95)": 2765.59615175,
      "avg": 1337.5215088508396,
      "min": 1,
      "med": 1252,
      "max": 3011.100708
    },
    "ratio": 0.21673960958404107,
    "diffPercentage": 0,
    "didImprove": false
  },
  "http_req_connecting": {
    "dummyAsControl": {
      "avg": 0.0007255430098746958,
      "min": 0,
      "med": 0,
      "max": 90.979,
      "p(90)": 0,
      "p(95)": 0
    },
    "actual": {
      "med": 0,
      "max": 13.578,
      "p(90)": 0,
      "p(95)": 0,
      "avg": 0.008800434373416379,
      "min": 0
    },
    "ratio": 0.08244399981736764,
    "diffPercentage": 0,
    "didImprove": false
  }
}