{
  "http_req_blocked": {
    "dummyAsControl": {
      "p(95)": 0.003,
      "avg": 0.0026363219224989796,
      "min": 0,
      "med": 0.001,
      "max": 976.108,
      "p(90)": 0.002
    },
    "actual": {
      "avg": 0.0023126440893507638,
      "min": 0,
      "med": 0.001,
      "max": 17.783,
      "p(90)": 0.003,
      "p(95)": 0.004
    },
    "ratio": 0.8772237068675587,
    "diffPercentage": -94.85941288068301,
    "didImprove": true
  },
  "http_req_sending": {
    "dummyAsControl": {
      "avg": 0.02432851877985267,
      "min": 0.001,
      "med": 0.004,
      "max": 976.043,
      "p(90)": 0.009,
      "p(95)": 0.014
    },
    "actual": {
      "max": 65.29,
      "p(90)": 0.02,
      "p(95)": 0.045,
      "avg": 0.0357025742928817,
      "min": 0.002,
      "med": 0.004
    },
    "ratio": 1.4675194415226092,
    "diffPercentage": 34.279098443610785,
    "didImprove": false
  },
  "iteration_duration": {
    "dummyAsControl": {
      "max": 4000,
      "p(90)": 1721,
      "p(95)": 2427,
      "avg": 529.618449040234,
      "min": 0.033042,
      "med": 99
    },
    "actual": {
      "med": 1001.556667,
      "max": 4000,
      "p(90)": 2352,
      "p(95)": 3031,
      "avg": 1202.848472981229,
      "min": 1
    },
    "ratio": 2.2711604460928645,
    "diffPercentage": -59.8806568560329,
    "didImprove": true
  },
  "http_req_receiving": {
    "dummyAsControl": {
      "max": 974.306,
      "p(90)": 0.017,
      "p(95)": 0.024,
      "avg": 0.02335558385830947,
      "min": 0.002,
      "med": 0.007
    },
    "actual": {
      "p(95)": 0.027,
      "avg": 0.013517309963876213,
      "min": 0.002,
      "med": 0.006,
      "max": 64.669,
      "p(90)": 0.015
    },
    "ratio": 0.5787613808278662,
    "diffPercentage": -1.7112338723636922,
    "didImprove": true
  },
  "http_req_duration": {
    "dummyAsControl": {
      "avg": 8.531005081457316,
      "min": 0.017,
      "med": 4.582,
      "max": 996.316,
      "p(90)": 22.66,
      "p(95)": 30.592
    },
    "actual": {
      "avg": 1.4022164128897396,
      "min": 0.02,
      "med": 0.702,
      "max": 67.907,
      "p(90)": 3.38,
      "p(95)": 4.667
    },
    "ratio": 0.1643670821316877,
    "diffPercentage": 9.27017776565583,
    "didImprove": false
  },
  "http_req_tls_handshaking": {
    "dummyAsControl": {
      "max": 0,
      "p(90)": 0,
      "p(95)": 0,
      "avg": 0,
      "min": 0,
      "med": 0
    },
    "actual": {
      "min": 0,
      "med": 0,
      "max": 0,
      "p(90)": 0,
      "p(95)": 0,
      "avg": 0
    },
    "ratio": null,
    "diffPercentage": null,
    "didImprove": false
  },
  "my_iterations": {
    "dummyAsControl": {
      "min": 0,
      "med": 12626,
      "max": 1108190,
      "p(90)": 39612,
      "p(95)": 52994,
      "avg": 25414.219649234128
    },
    "actual": {
      "max": 1915,
      "p(90)": 1332,
      "p(95)": 1526,
      "avg": 622.7693266022586,
      "min": 0,
      "med": 513
    },
    "ratio": 0.024504758957689506,
    "diffPercentage": 327.97441928013023,
    "didImprove": false
  },
  "http_req_connecting": {
    "dummyAsControl": {
      "min": 0,
      "med": 0,
      "max": 122.391,
      "p(90)": 0,
      "p(95)": 0,
      "avg": 0.0003882629678024189
    },
    "actual": {
      "avg": 0.0006031971834495291,
      "min": 0,
      "med": 0,
      "max": 14.209,
      "p(90)": 0,
      "p(95)": 0
    },
    "ratio": 1.5535789747439601,
    "diffPercentage": -93.4461573978637,
    "didImprove": true
  },
  "http_req_waiting": {
    "dummyAsControl": {
      "avg": 8.483320978877467,
      "min": 0.012,
      "med": 4.549,
      "max": 335.761,
      "p(90)": 22.592,
      "p(95)": 30.51
    },
    "actual": {
      "avg": 1.3529965286315802,
      "min": 0.014,
      "med": 0.675,
      "max": 58.824,
      "p(90)": 3.316,
      "p(95)": 4.557
    },
    "ratio": 0.1594890175675767,
    "diffPercentage": -67.62638590271783,
    "didImprove": true
  }
}